id,bedrooms,bathrooms
1292713234154945394,1,1.0
1508718511630646313,1,
1297327219631789358,1,1.0
1606001853199411128,1,1.0
1314833467096489875,1,
1659657874693440489,3,3.0
1325995807818486852,,
1635000929921804262,1,
1292713202731607754,1,1.0
1492832915624769683,3,2.0
1580349144943685719,1,
1258668362052840121,3,1.0
1652538850163316996,1,1.0
1660949085003989386,1,2.0
1531810922875264909,0 (studio),1.0
1385088880964921541,,
1618228513877168542,3,1.0
1328248354526585309,1,1.0
1412438800329137974,1,1.0
1484714498056100115,2,1.0
981120709957763653,,
1199193622730754940,3,3.0
1332513688509423570,0 (studio),
1196851743231572540,2,1.0
1237474025614245965,2,1.0
1388701191802240736,2,1.0
1587737008553153745,1,
1623567061307030021,3,2.0
1651541529716269313,3,2.5
1598677226571552739,1,1.0
1292757177520220344,1,
1641648033727638678,1,1.0
1559429248654893625,1,1.5
1605981262332320587,1,1.0
1305127222391813036,0 (studio),1.0
1302962421028700813,1,1.0
32400629,3,1.0
1296455814818326300,1,1.0
1129860019173232966,2,1.0
1539209027124180030,1,
1532706991486014852,2,2.0
1577474590524023582,1,1.0
1496606250151997425,1,1.0
1424085861412803618,1,1.0
1332471318833527819,1,1.0
1648029920565612244,3,3.0
981120216738667261,1,
40835765,2,2.0
41575953,3,1.5
1601405665390376996,1,1.0
1441502113515038503,2,1.0
954203933863538216,2,1.0
1641637336624493763,2,2.0
1485950705456719946,3,2.0
1146176885899217294,4,3.0
42767850,3,2.0
1584187817659087341,6,6.0
1155301453465176925,2,1.5
876051604806114175,,
1431877289693006334,1,1.0
1651493311021458586,1,1.0
1440018853237427013,1,1.0
1403817032037387477,8,3.0
1605720793006535959,1,
1397694527639845105,2,2.0
1569485916342726489,3,3.0
1104116827677708480,,
1556510408515026470,3,2.0
1352352955064470854,3,2.0
1498906658243578803,3,3.0
33851906,3,4.0
1335110769727741118,3,3.0
1448388580371987584,1,1.0
1187786914734707838,3,2.0
1491441495626190165,1,1.0
1145843095317517701,3,4.0
1215770463637762104,3,4.0
1569485803452402154,2,2.0
1517792834012970752,0 (studio),0.0
1563288267146291409,3,3.0
1615388358699721309,3,3.0
1221053310713368188,,
1459997441523262270,1,1.0
36988796,9,
1659028564195855331,3,2.0
1310133675077062247,1,3.0
1655274466078332833,4,4.5
1446467533934195553,1,2.0
1655776597949850542,3,3.0
1508828291068445336,3,4.0
1443784874744124942,2,2.0
30243787,1,2.0
1344838669656893267,1,1.0
1216052727113394952,,
1174850752917317405,,
1147208055353968918,3,4.0
51953229,3,1.0
555180799956858554,5,3.0
48145763,4,3.0
1042063266374748336,4,4.0
1514843610059047574,3,2.0
1451468709932612459,4,4.0
849542966954475787,3,3.0
1219664717462757711,,
1561052950202885243,3,2.0
1283388477975475614,4,4.0
1595627764307300025,3,3.0
729682266919743139,3,3.0
1441595701382845298,3,2.0
1484706355938914736,3,2.0
1355884083437555674,9,8.0
1181079249870074062,4,3.5
1276113745863188023,3,2.5
1269664768452440583,2,1.5
1544982572677727041,12,10.0
1017307059720239353,6,5.0
1662729154600712278,5,5.0
1596006519280876385,2,1.5
1032367854841393071,1,1.0
1483926353070909494,4,4.0
1412388051602865308,3,3.0
1079751915569966274,5,6.5
976960526172801286,8,10.0
1536264956482074244,6,4.5
628120358260176727,2,1.0
1568327623656726305,7,6.0
50282660,5,5.0
1563829432122315890,7,8.0
1195167029056800226,3,2.0
1480462795733156229,3,2.0
1447079978041398947,14,16.0
1516588329475180067,6,8.0
708762036352809823,3,2.5
1609393874846735688,2,1.0
28047935,4,5.0
1551674996314432630,6,6.0
712292176311959219,3,
1176132288355809859,1,2.0
1207356658832145603,0 (studio),1.0
1548603738636865263,3,3.0
1637879979508535326,3,2.0
1019309529827681916,2,2.0
50134729,7,7.0
33353618,3,1.0
689792922435868876,3,3.5
1618975446217014594,7,10.0
1600669891405633771,3,3.0
47883566,1,2.0
1612579527182834381,6,10.0
52379135,1,1.0
1579949228520940668,1,1.0
1264487199319911803,3,3.0
1585497969847399422,1,
1221866070798006173,2,1.0
1264503264485463405,4,3.5
1108792191152024226,2,1.0
1116616659880182155,3,1.0
1208808634016334973,1,1.0
1155945536402835024,4,3.0
1507773124366821109,1,1.0
1073716230762716836,4,
1462602688950627954,1,1.0
557966923927056566,2,1.5
1422335721731292558,3,2.0
1300863700619001518,2,1.0
1200613096733451469,1,1.0
1534364182510740993,6,3.0
45990672,4,4.5
989730344695208874,4,4.0
1500702117326175292,4,4.0
1372349170837637381,5,4.0
15490900,5,5.5
1604103429022591602,5,4.5
42146441,5,5.5
1408209041174296356,7,4.0
1327763810277732863,2,1.0
890931947722707877,4,4.0
705698357682328215,3,3.0
1373026473349573280,5,4.0
1402510234524441096,3,3.0
1587607580438846565,,
1009403202480669768,5,5.0
1435415278193624102,7,8.0
1545470194090208601,4,5.0
1073685420449412483,4,
1389704176819898804,5,3.0
1317443449256758734,3,3.0
1436510686281979825,5,5.5
1618852355466062880,5,5.0
1307765411651499674,3,3.0
1590771433666840215,4,5.0
1635798593420134671,5,6.0
1427722712478374393,6,5.0
921055669157802876,4,3.5
583239323050291921,9,6.5
790380568359156164,4,4.0
1646731991308747646,3,2.5
840570444535345863,5,4.5
793250519214794991,5,3.0
1571096132163176946,9,3.0
1540866950390106555,3,3.0
1515188443288472134,8,9.0
767250167518106488,2,2.5
1376137007484981933,,1.0
1540867010687173258,4,3.0
1512472639112292825,6,6.0
1565163973926517939,3,2.0
1565542713272257639,6,5.0
1199150166439409254,2,1.0
1389704208895953397,4,4.5
1553674803899835954,3,1.0
1197153629879952777,2,1.5
1616671277738523518,3,4.5
1446377870547604835,7,8.0
1573074742502520340,4,3.0
850656618737813663,1,1.5
1347267116432063019,6,6.0
1096581167183948351,3,3.0
1581793881355263929,5,4.0
1316446128967440000,4,4.5
767261839678201600,3,3.5
1470802297154260358,2,2.5
1006152808275971011,3,3.0
1159548808219672828,3,3.0
1411044632961779189,3,2.5
1450539156354909288,5,4.0
1473713252059796654,2,2.0
1213666123535544748,2,1.0
1200336845948322247,7,7.0
1093452352113471451,6,10.0
1623416388591439901,4,4.5
1275570156151904939,4,3.0
1445646500819337593,3,
43397730,2,2.0
1559864962649978069,5,6.0
1457324740847047677,3,3.0
1002526531958813134,3,3.0
38946242,3,2.5
1203766595395527057,5,4.0
1010234716243191838,1,1.0
1556792299369861049,4,5.0
1452066072137002060,6,6.0
1491129205330448899,5,4.0
1389360838332900247,6,4.0
1276775479827473104,7,8.0
821096960529498282,4,3.5
782481337677395566,6,7.0
1309620393666611436,4,4.0
1405138989550573906,7,9.0
1432551452519222832,10,19.0
1381147120527619593,4,4.0
1445646544282519034,3,
1410285275788709542,1,1.0
1592102038145893024,3,3.0
1445646561843999768,4,
1666578207289164185,5,4.0
1530281632759848179,8,9.0
1329844712827279066,7,0.0
1652916728666072209,3,3.0
54284898,4,4.5
1499508580442133576,6,4.0
1150701674658456921,6,5.0
1294094879751028673,3,3.0
1429721009267866412,6,6.0
1440898402444133817,,
1452180073884959095,7,7.0
1516539630682569127,5,7.0
1405118804682423685,6,6.0
1478960885626856274,5,5.0
1071535243607304122,3,2.5
1205569424125561545,4,4.0
1616803323828759267,6,5.5
1440967574825585639,,
1418782925084058337,5,6.0
43509788,5,3.0
1611679336986092046,7,6.0
1294033989900300209,5,6.0
1218690711283000676,5,6.0
1491129148228091684,5,5.0
1489397476289841313,3,1.0
1457037256563088985,3,2.0
1445646528854461805,4,
1574538109548445612,6,7.0
1564804098462088891,8,12.0
901903775152207502,3,2.0
1122134810860842771,3,3.0
1294049452148919260,7,7.0
1610621779690251075,4,2.0
827363221421986685,3,2.0
1499641239286051817,6,5.0
1327706571366113646,4,5.0
1287671116502290133,3,3.0
574671355984195579,3,1.5
1582594174336838571,7,8.0
1444478893402699664,4,3.0
1533520482498853631,7,8.0
43509941,5,4.0
817450906697134613,4,3.0
1526749145558499873,5,4.0
1625234505264381457,2,2.0
1184876478606235558,6,5.0
921041127046644867,5,6.0
1033874472880546491,5,5.0
1440898086586976039,,
1272502325164181183,5,7.0
1532530398314038216,5,8.0
1289781577859865793,5,6.0
1617597066778325822,3,2.0
950976395331448891,9,12.0
1519554024187806895,4,2.0
1478797865239332966,2,1.0
769589744085602122,,
1316580252211000461,2,1.0
1432551500439416435,10,18.0
915286149929110903,8,6.0
1144794481310501818,2,2.0
1486127003852299275,5,7.0
1446422044732559204,5,5.5
1536158377257475646,5,6.5
1401431850215627441,6,5.0
1617776222945722269,4,3.5
1659383907516482890,6,5.0
1459312341158792838,2,2.5
1443504841871221399,2,2.0
1531939345241143002,7,9.0
22699695,5,5.0
1586515552644876714,4,6.0
1614535123416058786,6,4.0
1445646637252195144,4,
1533251126747083639,6,6.5
1584239528075360592,6,9.0
1227334682807627505,3,1.0
1646534430539307076,4,4.0
1562543549271907985,5,5.0
1235628381678495442,2,1.0
1294785306366009065,5,5.0
1582648511499746443,,
1557490459076177745,6,8.5
1469720738734772480,5,5.0
1663077126921723861,2,1.0
1508829161605881526,3,4.0
48921273,1,
1512989738858906315,7,7.0
937731267495715175,3,3.5
1464002704784013982,3,2.0
895713563277225420,3,5.0
1192036094779793590,4,4.0
582378495847238100,3,3.0
30192356,2,1.0
1294785652344118552,5,5.0
37019965,3,3.0
1613747481179856882,4,2.0
1516562826660497619,6,4.0
1486133315377024248,6,8.0
1237038847786696282,4,3.5
1663283542397666436,,
1378514346513857875,4,3.0
1618830333249037414,5,5.0
1589656204275030763,7,10.0
1512149380519707143,5,5.0
1528197606062246603,5,3.5
1199981606575500211,8,11.0
1359424298481801473,4,4.0
1656554585993706054,3,3.0
915257544596805795,5,6.5
17557434,2,2.5
1305199592577271557,5,6.0
42837243,3,3.0
1612360935058078370,6,6.0
1557462941385564793,2,1.0
1512490753306617754,6,4.0
1149010951297250321,7,4.0
1615388235129112129,3,2.0
1512149212991607973,5,5.0
1504234528836825783,6,7.0
1579451470491723940,1,
1048361463194323622,1,1.0
980949884076025140,1,1.0
1613302774809465872,3,3.0
1176993323789019599,5,3.0
1606001718595835543,2,2.0
1042267008410146028,2,1.0
1446453285013975283,,
1360361550986322558,5,7.0
1403352409719548548,4,2.0
1416404953594448126,4,2.0
1583383730365544848,3,1.5
1530283528076762842,6,5.0
1150577455375633849,3,2.5
1577988958474149016,5,6.0
1338161607315089684,4,3.0
1584197650302710091,5,8.0
1471185594805842352,3,2.5
1231653058739693540,3,2.5
1606000121406098996,3,3.5
1308904711746092153,0 (studio),1.0
1482831691532989712,2,3.0
1328533267625737787,1,1.0
990819819239551225,2,1.0
1140397074391194529,1,1.0
548357234359742514,1,1.5
1211517904705642228,3,3.0
1386837152554091839,3,2.0
1384852378701047247,1,1.0
682690250626597918,1,2.0
1005550448699835917,4,8.0
1386837091935393566,6,5.0
1197914284641397138,2,1.0
741879738876441933,2,1.5
1592040413836682723,1,1.0
1538568289441979831,3,2.0
1521920347791839111,2,1.0
1086034169094747543,2,1.0
1631384019096963391,,
1367296864393571550,1,2.0
1266720263498449629,3,1.5
1645810248468090517,3,2.0
1498754373289779521,2,2.0
1016436443744428874,3,2.5
955483694118034334,2,3.0
1527397043296637590,4,2.0
1219831683203707022,3,3.0
21705643,2,2.0
1384849964527495743,0 (studio),1.0
1503583342792353981,4,4.5
1424519240566200741,6,4.5
1246420010937198295,2,2.0
1591138045124712482,3,2.0
1513115415528048355,3,3.0
1160654349423127406,1,2.0
1585066826397290820,4,3.0
1608544760873304610,2,2.5
1186304038561754960,3,2.0
1239185343752708475,2,1.0
926187713279264652,3,3.0
1180558154817796469,2,1.0
1338753216179724420,5,5.5
1177436101599966323,4,3.0
1566650176484653461,5,5.0
1355135981772594885,4,4.0
1465228687699287493,0 (studio),0.0
1144710959871941954,4,3.0
1278327552855186863,1,1.0
1632552831530239567,2,1.5
1359624363244490505,3,1.0
1113905175665688448,2,2.0
1594943812538194632,2,1.5
1487594384299959437,3,2.5
913438781106788261,4,4.0
1410660722583584685,2,1.0
856016524903906952,4,2.0
1277499307467449071,7,7.0
1540534693706492225,3,2.0
1373091368334539780,4,3.0
907900182421893647,6,4.0
1319283469075375885,2,2.5
1461713378764072274,3,1.0
1420148568011420764,3,5.0
1288329476638689556,5,5.0
681776133764713251,2,1.5
1081247984167693443,3,2.0
1639590721647305136,1,1.0
1482417253416515863,3,1.0
1445646791908439806,4,
1164140665122725054,2,2.0
1475401542202125417,3,1.0
1423354259007251917,2,2.0
1615388050655414022,3,2.0
1423376957296582046,3,2.0
1297096849586231529,8,12.0
1249334199993271826,1,1.5
1475269023270252461,,
1484626050712332965,2,2.0
1560225461384156429,3,2.0
787507286574674085,4,4.0
1558885122405432399,3,2.0
1223309088817999779,1,1.5
1182511995447620673,3,2.0
1340435226653635462,2,3.5
1600296998782411614,3,3.0
1094737973419244719,2,2.0
1437055398516312551,3,3.0
1236869736596826155,2,2.0
1436654490966779045,3,2.5
979799389609084264,4,4.5
1662438871579227708,1,1.0
970930640022554250,2,4.0
1198390754839197557,4,3.5
1517967461600586206,4,4.5
1433131550332600221,4,3.0
1600296958383830853,3,3.0
1471160003390200629,3,2.0
1587917123955001377,3,2.0
1460693464593175129,4,3.5
1243641468702444402,3,2.0
1013855054944324231,2,2.5
1580355392533303704,5,8.0
1660788143173192815,4,4.0
1654659731934554513,4,4.5
1652916769583350196,4,3.0
1385510783341149832,3,2.5
1107780146113704019,5,5.0
1522835002642086927,5,3.0
1295091350098862553,4,4.0
1555243937779872139,2,3.0
1667561977206768000,3,2.0
16290979,,
49773821,2,2.0
1319518528043591439,,1.0
1468774485421506345,1,1.0
1344833182175148192,0 (studio),1.0
1661961428021860914,1,1.0
1391961996516455889,2,1.0
1130933842478962946,3,2.0
1650309846526152378,1,
1061500549000037414,2,1.0
1381310134257979009,3,1.5
1455696827301343990,2,2.0
983414519320104363,3,2.0
1320558631955734319,2,1.5
1287024945233006977,2,1.5
29474692,2,1.0
1402756406268182046,,
1295698845162295682,4,1.0
1549181843960990591,3,1.0
873185899027327222,1,1.0
1561888686587426835,1,1.5
1516522674034869790,2,1.0
1626885025560964314,1,1.0
1381909454017496563,2,1.5
1663770474362885940,1,2.0
1585666207665224564,1,1.0
1533469992700415044,,
1516286876818942480,2,2.0
1605417407792668866,4,3.0
1134834727239525225,2,2.0
1641357479567752225,3,3.5
1622549096871242818,,
1437671449717350991,,
1527566992590507701,2,1.0
1557964439281854268,3,3.0
1510754777616150849,1,1.0
1476002826939712437,5,3.0
1600937347509723473,3,4.0
780234254783166196,2,2.5
1416740441171469640,0 (studio),1.0
1148587259262300775,2,2.0
1538334896256907735,5,5.5
1468039225480569918,2,2.0
1570242333353102799,2,
1656799728039423148,1,1.0
1360705356457676892,4,3.0
1559005011667532352,4,4.0
1384463896262583587,6,5.0
1217270627709511992,4,3.0
1446658569534429310,3,2.0
1658309958779764860,6,4.0
1458081602095496176,1,
1651458625539048520,1,1.0
1577498817421648011,1,1.0
1602952473937904539,1,
1500564623119654463,1,1.0
1462083158663460392,1,1.0
1205923422679122452,1,1.0
1627920018543138833,1,1.0
1227500356597227063,1,1.0
1176701377573639512,3,2.0
1380367733532763436,2,2.0
1660860920493578848,2,1.0
1537826898913582841,1,1.0
1571946785181337497,1,1.0
840544248476763973,1,1.0
1191708492273500924,1,1.0
1661940217216626136,1,1.0
9817667,3,2.5
987674334031324113,3,2.0
1496952984287693498,1,1.0
1625234508288497839,2,2.0
702026328842974612,,
1385060229363452468,,
1328510560169599144,1,1.0
1424085784389397598,1,1.0
974439554519651935,1,
1525505027880129868,2,2.0
1386837140721974511,2,2.0
1180360628636458295,2,2.0
1076004459965459449,1,1.0
1493082525022030240,3,1.0
1361000007215165792,4,2.5
888504443407553239,4,3.5
1381052147216678160,3,1.5
1213016649959329038,4,4.0
904166347638363320,1,1.0
1329094986217248475,3,1.5
1608458404556032761,1,1.0
992609716219291240,2,3.0
1381660179165917310,1,1.0
1659643333291643223,3,4.0
1179853350598080082,3,2.0
1506578188692303219,1,
1559479900130565419,1,
1150409328715597197,0 (studio),1.0
1380648806849968691,1,1.0
26825202,1,1.0
49039745,1,
13181162,1,1.0
1226127346468491659,2,2.5
43167843,1,1.0
1519742118292616756,4,3.0
1209722553336604480,1,1.0
1526162316052604824,1,
1092586881052614372,1,1.0
1011425577705002985,1,1.0
997711796092033105,1,1.0
1237564646529998624,2,1.0
1414405144370930392,1,1.0
1587065249933171470,3,4.0
1666273648078837043,2,1.0
1576999623902796969,2,
1134768290926510851,1,1.0
1418293145930199756,1,1.0
1571669607123814061,1,
1459275458309413302,1,1.0
1498035269967530342,2,1.0
1577541709058668590,1,1.0
1294308350286532199,1,1.0
1136034941071797168,3,2.0
1513175808352388853,3,3.0
39507154,3,1.0
1428921969631212583,1,
1664768965528056358,2,1.0
1564463961314051474,1,1.0
570158961517853330,2,1.0
842399195003437617,0 (studio),1.0
1589334524141935489,2,1.0
1396502372937750562,2,2.0
1665543950440841449,1,
846283079041523899,,
1631383974182856339,3,2.5
1484108310535882439,2,1.0
1042483269666961325,4,4.0
1165139126286619184,1,1.0
1116095384228706250,3,2.0
1657643569182262085,4,3.0
1236707226138243619,3,3.0
1086195826555814305,1,1.0
1443617973956365407,7,6.0
1415371678389603532,3,3.5
1662521167821890682,3,3.0
38458462,3,2.0
1138076289355351323,3,3.0
1413793482058721505,3,2.0
1454518561688224646,3,2.5
1496950722323360486,1,1.0
1587750863099568632,3,2.0
1374555678493358475,3,3.0
1345522196864629056,3,2.5
1632225813707712266,3,2.0
1129848332561686701,3,2.0
1659643298831693196,3,3.0
1659643317367255238,4,4.0
1600268056611420634,5,4.0
49979686,1,
845639695364470565,2,
1606917400160173488,1,
1413006465989652470,1,
1271857125569231940,1,
49334756,4,2.5
1666965692032806389,1,
1621521076497911019,1,1.0
1342848180743802893,,
886363181657712851,2,2.0
1255931472512598656,,
1137611076084427359,,
1607068601195968361,1,
1510946334207098001,2,1.5
1577017238839515917,4,2.0
1344481029603175946,1,
1532716727302887158,3,3.0
1655636845963348486,3,2.0
1261411894109733851,3,3.0
1455828119076096630,2,2.5
1341442037542248822,1,
1613745481492925949,6,4.0
1341592470123058612,4,4.0
1297286425888271788,3,4.0
1526967919053000596,3,4.0
1472300897833613641,3,3.0
1095575554885410147,0 (studio),1.0
1458848227395188519,7,4.0
1501642132078410539,6,4.0
1367468270071699707,4,4.0
1146878447597361543,2,2.0
1663748515666655189,2,1.0
1581148825850549926,4,3.0
1020803619969682230,1,1.5
33508561,1,1.0
1595788412298887199,1,1.5
1207204588129617036,4,3.5
876635382065447441,,
1583489179587965875,3,2.5
1661497961861192417,5,4.0
1041437962161590692,1,
678463884188978038,11,14.0
909443120158965056,6,8.5
1260406464173905881,2,2.0
1494286145132247576,2,1.0
1636821038111464463,3,2.5
1642185607955946849,,
879696915671476563,1,1.0
1527612080432866929,4,4.0
1423428647185198888,1,1.5
671740578859926360,0 (studio),6.0
986907258138126927,1,1.0
1557142729767028410,3,3.0
1437055324321650406,5,3.0
1595121737419913669,5,4.0
1476993545170771266,2,2.0
1499293182649581825,3,2.0
1006410596383133743,3,2.5
1072337923226213591,,
1597258314567751350,4,3.0
1534883263996779213,1,
1655016228235060394,4,5.0
1653708979868910510,3,2.0
1610455786796415638,4,5.0
1178779410424644003,,
1514011890775926531,4,4.0
1529090491737849100,4,4.0
1583439639189402167,,
1652916755572425157,3,2.0
1595812603308547251,1,1.5
1651521621832902360,4,4.0
1393384400047766758,0 (studio),
1513869666670194975,3,3.0
1652916784505927846,4,4.0
1106469536719280077,5,3.0
1034066309855148751,4,3.0
1507754142013484123,3,2.5
1399344813755631190,2,1.0
1595475888836283799,4,4.5
786193899036913679,4,6.0
1408209251622006928,3,2.0
1632510659058548225,1,1.0
1119687151889965711,2,2.0
1253545695819460306,2,3.0
1573732500396807254,5,4.5
592650663225067850,8,8.0
1279650622193070800,6,3.0
17972891,10,8.0
1613730531380064342,4,5.0
1666188011871297878,4,3.0
1531634398802978649,3,3.5
1666136954553586919,4,4.0
1064665966642916279,3,3.0
1500917056962963042,4,3.0
1661874947899447427,4,2.0
1656526091746623839,1,
1663295629348774645,1,1.0
1637113727785255420,1,1.0
944289552529814347,,
961364838492802520,5,6.0
1167161726460951446,2,
1632019923097329747,1,
1469678894161141620,5,4.5
29854607,1,
1378469979839176479,2,2.0
1478869669208403893,1,
1641369221959279124,1,
1329506163784844723,2,2.0
1350450973267126868,,
1576850812351825345,1,1.0
1163701058562109900,3,3.5
1215941349675907711,2,
1220930702541846125,3,3.0
1403606080161247497,4,4.0
1315801713689780955,4,4.0
1480646450617477448,4,4.0
1323860882741101013,4,3.0
1466699451877402499,4,2.5
1643650867952734023,4,4.0
941888127713027739,3,3.0
1435985873285857965,3,3.0
1282813496258794021,3,3.0
1627527284131671963,1,1.0
1220930456797488088,3,3.0
1358711619694097719,2,1.0
1619584519082184951,1,
1317513487384131728,3,3.0
1423704714730870977,1,
1645887423715260401,1,
1580688361640043940,1,1.0
1537829300662642384,1,1.0
1662421474268972305,1,
1234099258874611632,,
955852733507615918,4,3.5
1479955235095353141,,
1619598649522538346,1,
1549295539119074270,0 (studio),1.0
1339119577796319126,1,1.0
1386330303107981587,,
1580349257265283806,1,
1607609360722380702,1,1.0
1418219838841951223,1,
1515188567541894624,5,6.0
1301878261087078138,3,2.0
1587673795269549833,,
1271161556698093399,4,2.5
1362065411862874941,1,
1384838980381903311,2,2.0
1248463369195901970,2,1.5
1258108930337494246,3,4.0
1189274043045705699,1,1.0
1226816502936573532,4,2.5
1276820596035227872,3,2.0
1345073020953746913,1,
1269102985156090905,3,2.0
1335056471617196547,2,2.0
1587773464772357981,3,3.0
1346959550840986881,2,2.0
1340742025047017035,,
31276486,2,2.0
1148418351253761740,2,1.5
1601421873858041598,3,2.0
1667949693380063827,1,1.0
17868503,2,
1230302876047378386,3,3.0
1393691702395692639,2,2.5
1610456653097966909,,
992199868370320371,3,3.0
1495091463270840616,1,1.5
